X1,source,url,city,state,orig,loc,cinbin,lo,co,cl,clo,outlet_type
1,1,http://1013thebrew.iheart.com/,"Grand Rapids, MI",MI,60,0,41,0,33,0,0,Radio Station
2,2,http://3abn.org/,"Grand Rapids, MI",MI,NA,NA,NA,NA,NA,NA,NA,Online Only
3,3,http://activanetwork.com/greenville/,"Spartanburg, SC",SC,NA,NA,NA,NA,NA,NA,NA,Radio Station
4,4,http://annarborobserver.com/articles/front_page.html,"Ann Arbor, MI",MI,NA,NA,NA,NA,NA,NA,NA,Newspaper/Magazine
5,5,http://antiochherald.com/,"Antioch, CA",CA,8,7,8,7,8,7,7,Online Only
6,6,http://beavercreeknewscurrent.com/,"Beavercreek, OH",OH,NA,NA,NA,NA,NA,NA,NA,Newspaper/Magazine
7,7,http://bevcam.org/,"Beverly, MA",MA,NA,NA,NA,NA,NA,NA,NA,TV Station
8,8,http://bozemanmagazine.com/,"Bozeman, MT",MT,NA,NA,NA,NA,NA,NA,NA,Newspaper/Magazine
9,9,http://denver.yourhub.com/Thornton,"Thornton, CO",CO,NA,NA,NA,NA,NA,NA,NA,Online Only
10,10,http://kobi5.com/,"Medford, OR",OR,8,5,10,5,7,5,5,TV Station
11,11,http://www.tristatehomepage.com/,"Henderson, KY",KY,5,4,5,4,5,4,4,TV Station
12,12,http://www.tulsaworld.com/communities/owasso/,"Owasso, OK",OK,8,8,8,8,8,8,8,Newspaper/Magazine
13,13,http://www.twincitiesbusinessradio.com/,"Golden Valley, MN",MN,0,2,87,0,0,2,0,Radio Station
14,14,http://www.univision.com/arizona/khot,"Glendale, AZ",AZ,3,0,0,0,0,0,0,Radio Station
15,15,http://www.univision.com/musica,"West Covina, CA",CA,14,0,2,0,2,0,0,Radio Station
16,16,http://www.utica.edu/student/activities/organizations/wpnr/index.cfm,"Utica, NY",NY,NA,NA,NA,NA,NA,NA,NA,Radio Station
17,17,http://www.uticaod.com/,"Utica, NY",NY,67,57,88,57,49,43,43,Newspaper/Magazine
18,18,http://www.valleymagazinepsu.com/,"State College, PA",PA,7,5,2,5,2,2,2,Newspaper/Magazine
19,19,http://www.vcyamerica.org/,"Charleston, IL",IL,NA,NA,NA,NA,NA,NA,NA,Radio Station
20,20,http://www.visaliatimesdelta.com/,"Visalia, CA",CA,NA,NA,NA,NA,NA,NA,NA,Newspaper/Magazine
21,21,https://localinannarbor.com/,"Ann Arbor, MI",MI,NA,NA,NA,NA,NA,NA,NA,Online Only
22,22,https://mibiz.com/,"Grand Rapids, MI",MI,NA,NA,NA,NA,NA,NA,NA,Newspaper/Magazine
23,23,https://thesaintaq.com/,"Grand Rapids, MI",MI,1,0,0,0,0,0,0,Newspaper/Magazine
24,24,https://visitglendale.wordpress.com/,"Glendale, AZ",AZ,NA,NA,NA,NA,NA,NA,NA,Online Only
25,25,https://westbendcurrent.com/,"West Bend, WI",WI,1,0,0,0,0,0,0,Online Only
26,26,https://www.facebook.com/The-Beavercreek-Ohio-Buzz-219750630759/,"Beavercreek, OH",OH,3,3,2,3,2,2,2,Online Only
27,27,https://www.freetalklive.com/,"Keene, NH",NH,NA,NA,NA,NA,NA,NA,NA,Online Only
28,28,https://www.michigandaily.com/,"Ann Arbor, MI",MI,4,3,2,3,2,2,2,Newspaper/Magazine
29,29,https://www.tapinto.net/towns/paterson,"Paterson, NJ",NJ,3,3,2,3,2,2,2,Online Only
30,30,https://www.uni.edu/kult/,"Cedar Falls, IA",IA,NA,NA,NA,NA,NA,NA,NA,Radio Station
31,31,http://1013.iheart.com/,"Walnut Creek, CA",CA,42,1,14,1,8,1,1,Radio Station
32,32,http://1030lagrande.com/,"Oviedo, FL",FL,NA,NA,NA,NA,NA,NA,NA,Radio Station
33,33,http://103gbfrocks.com/,"Henderson, KY",KY,27,4,14,4,8,4,4,Radio Station
34,34,http://1059qwikrock.com/,"State College, PA",PA,2,0,2,0,2,0,0,Radio Station
35,35,http://1059thebull.com/,"Stockton, CA",CA,32,21,15,21,15,6,6,Radio Station
36,36,http://1061thetwister.iheart.com/,"Owasso, OK",OK,78,3,34,3,31,0,0,Radio Station
37,37,http://590kid.com/,"Rexburg, ID",ID,17,7,24,7,15,6,6,Radio Station
38,38,http://640wgst.iheart.com/,"Marietta, GA",GA,57,0,25,0,21,0,0,Radio Station
39,39,http://720thevoice.iheart.com/,"Newnan, GA",GA,73,0,51,0,44,0,0,Radio Station
40,40,http://931amor.lamusica.com/,"Paterson, NJ",NJ,2,0,0,0,0,0,0,Radio Station
41,41,http://941theduke.com/,"Grand Rapids, MI",MI,21,8,10,8,9,4,4,Radio Station
42,42,http://957theparty.iheart.com/,"Boulder, CO",CO,17,4,9,4,4,1,1,Radio Station
43,43,http://967theeagle.net/,"Loves Park, IL",IL,37,21,18,21,13,9,9,Radio Station
44,44,http://975wdif.com/,"Marion, OH",OH,NA,NA,NA,NA,NA,NA,NA,Radio Station
45,45,http://advantagenews.com/,"Alton, IL",IL,32,27,26,27,26,23,23,Online Only
46,46,http://altdayton.iheart.com/,"Beavercreek, OH",OH,73,0,20,0,19,0,0,Radio Station
47,47,http://amp.cbslocal.com/,"Apple Valley, CA",CA,10,4,9,4,5,4,4,Radio Station
48,48,http://atlantassportsstation.com/,"Marietta, GA",GA,NA,NA,NA,NA,NA,NA,NA,Radio Station
49,49,http://b93.iheart.com/,"Grand Rapids, MI",MI,62,28,32,28,16,6,6,Radio Station
50,50,http://b945live.com/,"State College, PA",PA,14,13,0,13,0,0,0,Radio Station
51,51,http://beavercreekrecord.com/,"Beavercreek, OH",OH,NA,NA,NA,NA,NA,NA,NA,Newspaper/Magazine
52,52,http://beverly.wickedlocal.com/,"Beverly, MA",MA,18,13,16,13,13,8,8,Newspaper/Magazine
53,53,http://big983indy.iheart.com/,"Plainfield, IN",IN,51,0,1,0,1,0,0,Radio Station
54,54,http://bigfrog104.com/,"Utica, NY",NY,56,39,20,37,19,19,18,Radio Station
55,55,http://bizwest.com/,"Boulder, CO",CO,3,2,1,2,1,1,1,Online Only
56,56,http://blogs.ucmerced.edu/prodigy/,"Merced, CA",CA,NA,NA,NA,NA,NA,NA,NA,Newspaper/Magazine
57,57,http://bluelake.org/radio/index.php,"Grand Rapids, MI",MI,NA,NA,NA,NA,NA,NA,NA,Radio Station
58,58,http://buenav.net/,"Laredo, TX",TX,NA,NA,NA,NA,NA,NA,NA,TV Station
59,59,http://byuidahoradio.org/,"Rexburg, ID",ID,1,0,0,0,0,0,0,Radio Station
60,60,http://byuiscroll.org/,"Rexburg, ID",ID,1,0,0,0,0,0,0,Newspaper/Magazine
61,61,http://catholiclife.diolc.org/,"La Crosse, WI",WI,9,0,2,0,1,0,0,Newspaper/Magazine
62,62,http://ciceronewswire.blogspot.com/,"Cicero, IL",IL,NA,NA,NA,NA,NA,NA,NA,Online Only
63,63,http://cmfmedia.org/section/hcf/,"Oviedo, FL",FL,NA,NA,NA,NA,NA,NA,NA,Online Only
64,64,http://coloradosound.org/,"Boulder, CO",CO,1,0,0,0,0,0,0,Radio Station
65,65,http://coppellstudentmedia.com/,"Coppell, TX",TX,NA,NA,NA,NA,NA,NA,NA,Online Only
66,66,http://courier.mainelymediallc.com/,"Biddeford, ME",ME,NA,NA,NA,NA,NA,NA,NA,Newspaper/Magazine
67,67,http://covnetpres.org/,"Charleston, IL",IL,1,0,0,0,0,0,0,Radio Station
68,68,http://cuindependent.com/,"Boulder, CO",CO,4,1,0,1,0,0,0,Newspaper/Magazine
69,69,http://cvbj.biz/,"Stockton, CA",CA,21,11,28,10,17,10,9,Newspaper/Magazine
70,70,http://delaredo.blogspot.com/,"Laredo, TX",TX,NA,NA,NA,NA,NA,NA,NA,Online Only
71,71,http://delawarepublic.org/,"Dover, DE",DE,32,29,30,29,30,29,29,Radio Station
72,72,http://delawarestatenews.net/,"Dover, DE",DE,2,2,2,2,2,2,2,Newspaper/Magazine
73,73,http://denversports760.iheart.com/,"Thornton, CO",CO,12,0,1,0,0,0,0,Radio Station
74,74,http://eastcountytoday.net/,"Antioch, CA",CA,30,12,29,12,29,11,11,Newspaper/Magazine
75,75,http://espn961.iheart.com/,"Grand Rapids, MI",MI,37,1,16,1,14,0,0,Radio Station
76,76,http://etvradio.org/#stream/0,"Rock Hill, SC",SC,23,4,44,4,10,4,4,Radio Station
77,77,http://fox17online.com/,"Grand Rapids, MI",MI,67,27,79,27,51,19,19,TV Station
78,78,http://foxsports1400.iheart.com/,"Newnan, GA",GA,8,0,16,0,3,0,0,Radio Station
79,79,http://foxsportstexarkana.com/,"Texarkana, TX",TX,NA,NA,NA,NA,NA,NA,NA,Radio Station
80,80,http://fpp.cc/,"Keene, NH",NH,0,0,9,0,0,0,0,Online Only
81,81,http://fppradio.com/,"Keene, NH",NH,NA,NA,NA,NA,NA,NA,NA,Radio Station
82,82,http://freekeene.com/,"Keene, NH",NH,2,0,0,0,0,0,0,Online Only
83,83,http://gallatincommunityradio.org/,"Bozeman, MT",MT,0,0,3,0,0,0,0,Radio Station
84,84,http://gbcmt.org/services/Radio,"Bozeman, MT",MT,NA,NA,NA,NA,NA,NA,NA,Radio Station
85,85,http://getboulder.com/,"Boulder, CO",CO,1,1,1,1,1,1,1,Newspaper/Magazine
86,86,http://glendaledailyplanet.com/,"Glendale, CA",CA,1,1,1,0,0,1,0,Radio Station
87,87,http://glendoracitynews.com/,"Glendora, CA",CA,3,3,3,3,3,3,3,Online Only
88,88,http://graceradioofslidell.net/,"Slidell, LA",LA,NA,NA,NA,NA,NA,NA,NA,Radio Station
89,89,http://heystamford.com/,"Stamford, CT",CT,3,3,2,3,2,2,2,Online Only
90,90,http://highdesertbroadcasting.com/,"Palmdale, CA",CA,NA,NA,NA,NA,NA,NA,NA,Radio Station
91,91,http://idahoptv.org/,"Rexburg, ID",ID,NA,NA,NA,NA,NA,NA,NA,TV Station
92,92,http://ihradio.com/,"Stockton, CA",CA,NA,NA,NA,NA,NA,NA,NA,Radio Station
93,93,http://inmenlo.com/,"Menlo Park, CA",CA,3,3,1,3,1,1,1,Online Only
94,94,http://iowapublicradio.org/,"Cedar Falls, IA",IA,11,4,49,3,8,4,3,Radio Station
95,95,http://jg-tc.com/,"Charleston, IL",IL,39,16,86,15,13,8,7,Newspaper/Magazine
96,96,http://joyceclarkunfiltered.com/,"Glendale, AZ",AZ,2,2,2,2,2,2,2,Online Only
97,97,http://k985.com/,"Cedar Falls, IA",IA,36,13,18,13,17,8,8,Radio Station
98,98,http://katsfm.com/,"Yakima, WA",WA,8,5,8,4,3,4,3,Radio Station
99,99,http://kbco.iheart.com/,"Boulder, CO",CO,22,2,15,2,11,2,2,Radio Station
100,100,http://kboz.com/,"Bozeman, MT",MT,NA,NA,NA,NA,NA,NA,NA,Radio Station
101,101,http://kcpw.org/,"Holladay, UT",UT,1,1,16,1,0,0,0,Radio Station
102,102,http://kdhlradio.com/,"Faribault, MN",MN,27,7,18,7,14,6,6,Radio Station
103,103,http://kfan.iheart.com/,"Cottage Grove, MN",MN,8,0,7,0,0,0,0,Radio Station
104,104,http://khoy.org/,"Laredo, TX",TX,NA,NA,NA,NA,NA,NA,NA,Radio Station
105,105,http://kickam1530.com/,"Quincy, IL",IL,0,0,0,0,0,0,0,Radio Station
106,106,http://kkyr.com/,"Texarkana, TX",TX,21,13,17,13,16,12,12,Radio Station
107,107,http://kmel.iheart.com/,"Walnut Creek, CA",CA,16,0,14,0,1,0,0,Radio Station
108,108,http://kmmsam.com/,"Bozeman, MT",MT,19,2,13,2,12,2,2,Radio Station
109,109,http://kmph-kfre.com/,"Merced, CA",CA,27,5,46,4,18,4,3,TV Station
110,110,http://kolu.com/,"Yakima, WA",WA,NA,NA,NA,NA,NA,NA,NA,Radio Station
111,111,http://kosy790am.com/,"Texarkana, AR",AR,9,7,9,7,8,6,6,Radio Station
112,112,http://kroq.cbslocal.com/,"Pasadena, CA",CA,9,1,2,1,2,1,1,Radio Station
113,113,http://kscequinox.com/,"Keene, NH",NH,2,1,2,1,2,1,1,Newspaper/Magazine
114,114,http://ktar.com/,"Glendale, AZ",AZ,44,5,73,5,35,4,4,Radio Station
115,115,http://ktvl.com/,"Medford, OR",OR,9,2,45,1,8,1,0,TV Station
116,116,http://ktxk.org/,"Texarkana, TX",TX,NA,NA,NA,NA,NA,NA,NA,Radio Station
117,117,http://kvcb-online.com/,"Vacaville, CA",CA,NA,NA,NA,NA,NA,NA,NA,Radio Station
118,118,http://kwrn1550am.com/,"Apple Valley, CA",CA,NA,NA,NA,NA,NA,NA,NA,Radio Station
119,119,http://kygl.com/,"Texarkana, AR",AR,13,8,10,8,9,7,7,Radio Station
120,120,http://lacrossetribune.com/,"La Crosse, WI",WI,116,63,231,62,75,45,44,Newspaper/Magazine
121,121,http://laley1079.lamusica.com/,"Cicero, IL",IL,17,0,11,0,8,0,0,Radio Station
122,122,http://lapreciosa929.iheart.com/,"Visalia, CA",CA,3,0,1,0,1,0,0,Radio Station
123,123,http://laredosun.us/,"Laredo, TX",TX,0,1,23,0,0,1,0,Newspaper/Magazine
124,124,http://latinotimes.org/,"Stockton, CA",CA,NA,NA,NA,NA,NA,NA,NA,Newspaper/Magazine
125,125,http://lazocultural.com/,"Grand Rapids, MI",MI,NA,NA,NA,NA,NA,NA,NA,Newspaper/Magazine
126,126,http://life973.com/,"Grand Rapids, MI",MI,NA,NA,NA,NA,NA,NA,NA,Radio Station
127,127,http://lifechangingradio.com/wfif/,"Milford, CT",CT,0,0,15,0,0,0,0,Radio Station
128,128,http://liherald.com/valleystream/,"Valley Stream, NY",NY,7,4,5,4,5,3,3,Newspaper/Magazine
129,129,http://lite987.com/,"Utica, NY",NY,14,4,15,4,8,3,3,Radio Station
130,130,http://live105.cbslocal.com/,"Walnut Creek, CA",CA,5,1,0,1,0,0,0,Radio Station
131,131,http://loveatthecross.com/,"Grand Rapids, MI",MI,NA,NA,NA,NA,NA,NA,NA,Radio Station
132,132,http://magia1063.com/,"Merced, CA",CA,NA,NA,NA,NA,NA,NA,NA,Radio Station
133,133,http://mega100fm.iheart.com/,"Stockton, CA",CA,3,0,11,0,1,0,0,Radio Station
134,134,http://mgoblog.com/,"Ann Arbor, MI",MI,13,7,0,7,0,0,0,Online Only
135,135,http://michiganradio.org/,"Grand Rapids, MI",MI,32,3,48,3,26,2,2,Radio Station
136,136,http://michiganradio.org/#stream/0,"Ann Arbor, MI",MI,20,3,38,3,16,2,2,Radio Station
137,137,http://milfordliving.com/,"Milford, CT",CT,NA,NA,NA,NA,NA,NA,NA,Newspaper/Magazine
138,138,http://minnesota.publicradio.org/radio/stations/kzseklse/,"Winona, MN",MN,NA,NA,NA,NA,NA,NA,NA,Radio Station
139,139,http://miradiopoderosa.com/,"Grand Rapids, MI",MI,NA,NA,NA,NA,NA,NA,NA,Radio Station
140,140,http://mooseradio.com/,"Bozeman, MT",MT,8,2,3,2,3,2,2,TV Station
141,141,http://my1035.com/,"Bozeman, MT",MT,4,0,1,0,1,0,0,Radio Station
142,142,http://mychannel957.com/,"Grand Rapids, MI",MI,30,7,18,7,14,4,4,Radio Station
143,143,http://myfaithradio.com/,"Golden Valley, MN",MN,NA,NA,NA,NA,NA,NA,NA,Radio Station
144,144,http://nativeamericannetroots.net/,"Ann Arbor, MI",MI,NA,NA,NA,NA,NA,NA,NA,Online Only
145,145,http://new.tabernaculodelafeyakima.org/,"Yakima, WA",WA,NA,NA,NA,NA,NA,NA,NA,2 and 3
146,146,http://newstalkkit.com/,"Yakima, WA",WA,11,8,38,6,9,7,5,Radio Station
147,147,http://newwest.net/,"Boulder, CO",CO,9,1,8,1,8,1,1,Online Only
148,148,http://nhpr.org/,"Keene, NH",NH,64,3,69,3,61,2,2,Radio Station
149,149,http://noticias.entravision.com/colorado/,"Boulder, Co",Co,12,0,23,0,6,0,0,TV Station
150,150,http://noticias.entravision.com/laredo/,"Laredo, TX",TX,15,0,23,0,13,0,0,TV Station
151,151,http://nwpr.org/,"Yakima, WA",WA,24,0,23,0,23,0,0,Radio Station
152,152,http://onwardstate.com/,"State College, PA",PA,17,15,2,15,2,1,1,Online Only
153,153,http://opgazetteinc.com/,"St. Cloud, FL",FL,NA,NA,NA,NA,NA,NA,NA,Newspaper/Magazine
154,154,http://opusradio.com/610am/,"Medford, OR",OR,NA,NA,NA,NA,NA,NA,NA,Radio Station
155,155,http://opusradio.com/730am/,"Medford, OR",OR,NA,NA,NA,NA,NA,NA,NA,Radio Station
156,156,http://osceolawoman.com/,"St. Cloud, FL",FL,NA,NA,NA,NA,NA,NA,NA,Newspaper/Magazine
157,157,http://osumarion.osu.edu/news/,"Marion, OH",OH,1,1,1,1,1,1,1,Online Only
158,158,http://pasadenajournal.com/,"Pasadena, CA",CA,NA,NA,NA,NA,NA,NA,NA,Newspaper/Magazine
159,159,http://pasadenamag.com/,"Pasadena, CA",CA,62,39,47,39,47,32,32,Newspaper/Magazine
160,160,http://patch.com/california/belmont-ca,"Belmont, CA",CA,34,2,31,2,31,2,2,Online Only
161,161,http://patch.com/california/glendora,"Glendora, CA",CA,11,4,38,3,11,4,3,Online Only
162,162,http://patch.com/california/menlopark-atherton,"Menlo Park, CA",CA,2,1,37,1,2,1,1,Online Only
163,163,http://patch.com/california/pasadena-ca,"Pasadena, CA",CA,6,5,44,3,5,5,3,Online Only
164,164,http://patch.com/connecticut/milford,"Milford, CT",CT,38,26,48,26,36,25,25,Online Only
165,165,http://patch.com/connecticut/stamford,"Stamford, CT",CT,23,18,51,17,23,18,17,Online Only
166,166,http://patch.com/georgia/acworth,"Acworth, GA",GA,1,2,40,0,1,2,0,Online Only
167,167,http://patch.com/georgia/marietta,"Marietta, GA",GA,3,6,40,3,3,6,3,Online Only
168,168,http://patch.com/georgia/woodstock,"Woodstock, GA",GA,8,7,37,7,8,7,7,Online Only
169,169,http://patch.com/illinois/darien-il,"Darien, IL",IL,5,1,40,1,5,1,1,Online Only
170,170,http://patch.com/iowa/cedarfalls,"Cedar Falls, IA",IA,0,0,26,0,0,0,0,Online Only
171,171,http://patch.com/massachusetts/beverly,"Beverly, MA",MA,2,2,32,2,2,2,2,Online Only
172,172,http://patch.com/michigan/royaloak,"Royal Oak, MI",MI,7,4,44,4,6,4,4,Online Only
173,173,http://patch.com/minnesota/goldenvalley,"Golden Valley, MN",MN,2,0,38,0,1,0,0,Online Only
174,174,http://patch.com/minnesota/minnetonka,"Minnetonka, MN",MN,1,1,37,1,1,1,1,Online Only
175,175,http://patch.com/minnesota/woodbury,"Woodbury, MN",MN,5,5,41,5,5,5,5,Online Only
176,176,http://patch.com/ohio/strongsville,"Strongsville, OH",OH,3,1,35,0,3,0,0,Online Only
177,177,http://patch.com/washington/sammamish,"Issaquah, WA",WA,1,0,27,0,1,0,0,Online Only
178,178,http://patersontimes.com/,"Paterson, NJ",NJ,23,23,23,23,23,23,23,Newspaper/Magazine
179,179,http://post.mnsun.com/new-hope/,"Golden Valley, MN",MN,NA,NA,NA,NA,NA,NA,NA,Newspaper/Magazine
180,180,http://power96radio.com/,"Faribault, MN",MN,27,6,8,6,7,4,4,Radio Station
181,181,http://powertalk1280.iheart.com/,"Stockton, CA",CA,18,0,56,0,13,0,0,Radio Station
182,182,http://powertalk1360.iheart.com/,"Menlo Park, CA",CA,19,0,53,0,13,0,0,Radio Station
183,183,http://powertalk967.iheart.com/,"Visalia, CA",CA,18,0,53,0,12,0,0,Radio Station
184,184,http://prayznetwork.com/,"La Crosse, WI",WI,NA,NA,NA,NA,NA,NA,NA,Radio Station
185,185,http://punjabstarnews.com/,"Corona, CA",CA,7,0,14,0,3,0,0,Newspaper/Magazine
186,186,http://radio.disney.com/,"Pasadena, CA",CA,47,0,1,0,1,0,0,Radio Station
187,187,http://rivergrandrapids.com/,"Grand Rapids, MI",MI,29,8,26,8,25,8,8,Radio Station
188,188,http://sailor.mnsun.com/minnetonka/,"Minnetonka, MN",MN,10,7,4,7,4,2,2,Newspaper/Magazine
189,189,http://scottyurb.blogspot.com/,"Grand Rapids, MI",MI,NA,NA,NA,NA,NA,NA,NA,Online Only
190,190,http://sentry.mainelymediallc.com/,"Biddeford, ME",ME,6,0,5,0,5,0,0,Newspaper/Magazine
191,191,http://serendipitysocial.com/,"Stamford, CT",CT,NA,NA,NA,NA,NA,NA,NA,Newspaper/Magazine
192,192,http://servedaily.com/,"Springville, UT",UT,NA,NA,NA,NA,NA,NA,NA,Newspaper/Magazine
193,193,http://slidell-independent.com/,"Slidell, LA",LA,NA,NA,NA,NA,NA,NA,NA,Newspaper/Magazine
194,194,http://southsidebaptistrh.org/,"Rock Hill, SC",SC,NA,NA,NA,NA,NA,NA,NA,Radio Station
195,195,http://spirit889.com/,"Visalia, CA",CA,NA,NA,NA,NA,NA,NA,NA,Radio Station
196,196,http://stamford.dailyvoice.com/,"Stamford, CT",CT,62,20,61,20,61,19,19,Online Only
197,197,http://stamforddowntownevents.blogspot.com/,"Stamford, CT",CT,2,1,1,1,1,0,0,Online Only
198,198,http://starlocalmedia.com/coppellgazette/,"Coppell, TX",TX,4,7,42,4,4,7,4,Newspaper/Magazine
199,199,http://starlocalmedia.com/mesquitenews/,"Mesquite, TX",TX,6,4,39,3,1,2,1,Newspaper/Magazine
200,200,http://starlocalmedia.com/theleader/,"Flower Mound, TX",TX,7,7,37,6,7,7,6,Newspaper/Magazine
201,201,http://stlpublicradio.org/quincy/,"Quincy, IL",IL,NA,NA,NA,NA,NA,NA,NA,Radio Station
202,202,http://streetfightmag.com/,"Boulder, CO",CO,20,0,39,0,20,0,0,Online Only
203,203,http://strikeslip.blogspot.com/,"Utica, NY",NY,1,1,1,1,1,1,1,Online Only
204,204,http://sunnykeene.com/,"Keene, NH",NH,19,1,31,1,4,1,1,Radio Station
205,205,http://tammanywest.com/,"Slidell, LA",LA,NA,NA,NA,NA,NA,NA,NA,Newspaper/Magazine
206,206,http://theavtimes.com/,"Palmdale, CA",CA,1,0,1,0,1,0,0,Online Only
207,207,http://thedmonline.com/,"Oxford, AL",AL,27,5,27,5,27,5,5,Newspaper/Magazine
208,208,http://theracquet.org/,"La Crosse, WI",WI,NA,NA,NA,NA,NA,NA,NA,Newspaper/Magazine
209,209,http://thetelegraph.com/,"Alton, IL",IL,14,6,4,6,4,1,1,Newspaper/Magazine
210,210,http://thez.com/,"Spartanburg, SC",SC,NA,NA,NA,NA,NA,NA,NA,Radio Station
211,211,http://times-herald.com/,"Newnan, GA",GA,56,38,41,38,40,30,30,Newspaper/Magazine
212,212,http://times-herald.com/magazine,"Newnan, GA",GA,NA,NA,NA,NA,NA,NA,NA,Newspaper/Magazine
213,213,http://touch1410.com/,"Grand Rapids, MI",MI,7,2,13,2,5,1,1,Radio Station
214,214,http://twincitieswellnessradio.com/,"Golden Valley, MN",MN,0,0,0,0,0,0,0,Radio Station
215,215,http://txktoday.com/,"Texarkana, TX",TX,17,15,16,15,16,15,15,Online Only
216,216,http://uticaphoenix.net/,"Utica, NY",NY,13,1,10,1,8,1,1,Newspaper/Magazine
217,217,http://vielmetti.github.io/,"Ann Arbor, MI",MI,NA,NA,NA,NA,NA,NA,NA,Online Only
218,218,http://vietsongmedia.com/,"Marietta, GA",GA,77,2,70,2,70,2,2,Radio Station
219,219,http://voicesweb.org/,"State College, PA",PA,NA,NA,NA,NA,NA,NA,NA,Newspaper/Magazine
220,220,http://wbgl.org/,"East St. Louis, IL",IL,NA,NA,NA,NA,NA,NA,NA,Radio Station
221,221,http://wceiradio.com/,"Dover, DE",DE,0,0,5,0,0,0,0,Radio Station
222,222,http://wcfcourier.com/,"Cedar Falls, IA",IA,76,30,109,29,52,23,22,Newspaper/Magazine
223,223,http://wcoefm.com/,"La Porte, IN",IN,NA,NA,NA,NA,NA,NA,NA,Radio Station
224,224,http://wcyy.com/,"Biddeford, ME",ME,13,1,5,1,5,1,1,Radio Station
225,225,http://wdov.iheart.com/,"Dover, DE",DE,5,0,49,0,4,0,0,Radio Station
226,226,http://wdsd.iheart.com/,"Dover, DE",DE,0,0,24,0,0,0,0,Radio Station
227,227,http://welw.com/,"Willoughby, OH",OH,NA,NA,NA,NA,NA,NA,NA,Radio Station
228,228,http://westmichiganstar.iheart.com/,"Grand Rapids, MI",MI,13,0,12,0,6,0,0,Radio Station
229,229,http://wfgr.com/,"Grand Rapids, MI",MI,13,2,16,2,6,2,2,Radio Station
230,230,http://wgan.com/,"Biddeford, ME",ME,6,2,52,0,6,1,0,Radio Station
231,231,http://wgrc.com/,"State College, PA",PA,1,1,1,1,1,1,1,Radio Station
232,232,http://wgrd.com/,"Grand Rapids, MI",MI,13,2,15,1,8,2,1,Radio Station
233,233,http://wgvu2.org/realoldies/,"Grand Rapids, MI",MI,NA,NA,NA,NA,NA,NA,NA,Radio Station
234,234,http://wibx950.com/,"Utica, NY",NY,19,6,48,6,16,4,4,Radio Station
235,235,http://wjactv.com/,"State College, PA",PA,19,1,54,1,16,1,1,TV Station
236,236,http://wjti1640.com,"West Allis, WI",WI,NA,NA,NA,NA,NA,NA,NA,Radio Station
237,237,http://wkbkradio.com/,"Keene, NH",NH,1,1,33,1,1,1,1,Radio Station
238,238,http://wkdq.com/,"Henderson, KY",KY,21,1,9,1,6,0,0,Radio Station
239,239,http://wkne.com/,"Keene, NH",NH,3,2,9,1,2,2,1,Radio Station
240,240,http://wkyufm.org/,"Elizabethtown, KY",KY,20,0,35,0,20,0,0,Radio Station
241,241,http://wnep.com/,"State College, PA",PA,34,2,35,2,27,1,1,Radio Station
242,242,http://wnpr.org/,"Stamford, CT",CT,18,1,26,1,16,0,0,Radio Station
243,243,http://woodradio.iheart.com/,"Grand Rapids, MI",MI,12,4,62,3,11,4,3,Radio Station
244,244,http://woodtv.com/,"Grand Rapids, MI",MI,51,23,97,17,47,21,15,TV Station
245,245,http://wordchristianbroadcasting.com/wnea/,"Newnan, GA",GA,NA,NA,NA,NA,NA,NA,NA,Radio Station
246,246,http://wosu.org/,"Marion, OH",OH,11,0,14,0,7,0,0,Radio Station
247,247,http://wotv4women.com/,"Grand Rapids, MI",MI,18,6,7,6,7,3,3,TV Station
248,248,http://wour.com/,"Utica, NY",NY,NA,NA,NA,NA,NA,NA,NA,Radio Station
249,249,http://wpsu.org/,"State College, PA",PA,1,1,0,1,0,0,0,Radio Station
250,250,http://wpt.org/,"La Crosse, WI",WI,1,0,2,0,1,0,0,TV Station
251,251,http://wqinfm.org/,"Quincy, IL",IL,NA,NA,NA,NA,NA,NA,NA,Radio Station
252,252,http://wqjcfm.myfreesites.net/,"Quincy, IL",IL,NA,NA,NA,NA,NA,NA,NA,Radio Station
253,253,http://wrll1450.com/,"Cicero, IL",IL,0,0,29,0,0,0,0,Radio Station
254,254,http://wrti.org/,"Dover, DE",DE,NA,NA,NA,NA,NA,NA,NA,Radio Station
255,255,http://wsbrradio.com/,"Lauderdale Lakes, FL",FL,NA,NA,NA,NA,NA,NA,NA,Radio Station
256,256,http://wshu.org/,"Stamford, CT",CT,7,0,29,0,6,0,0,Radio Station
257,257,http://wslaradio.com/,"Slidell, LA",LA,NA,NA,NA,NA,NA,NA,NA,Radio Station
258,258,http://wsonradio.com/,"Henderson, KY",KY,8,4,18,4,8,4,4,Radio Station
259,259,http://wspa.com/,"Spartanburg, SC",SC,55,10,78,8,48,9,7,TV Station
260,260,http://wtkg.iheart.com/,"Grand Rapids, MI",MI,6,4,61,1,5,4,1,Radio Station
261,261,http://wtlr.org/,"State College, PA",PA,NA,NA,NA,NA,NA,NA,NA,Radio Station
262,262,http://wvik.org/#stream/0,"Rock Island, IL",IL,9,3,49,3,8,3,3,Radio Station
263,263,http://wwgh1071.com/2016/,"Marion, OH",OH,NA,NA,NA,NA,NA,NA,NA,Radio Station
264,264,http://www.1017hotfm.com/,"Texarkana, TX",TX,6,5,14,3,6,5,3,Radio Station
265,265,http://www.101sports.com/,"East St. Louis, IL",IL,28,16,0,16,0,0,0,Radio Station
266,266,http://www.1029thebuzz.com/,"La Vergne, TN",TN,4,0,1,0,1,0,0,Radio Station
267,267,http://www.1041kxdd.com/,"Yakima, WA",WA,0,0,3,0,0,0,0,Radio Station
268,268,http://www.1043theshark.com/,"Miramar, FL",FL,5,0,2,0,2,0,0,Radio Station
269,269,http://www.1049nashiconradio.com/,"Keene, NH",NH,NA,NA,NA,NA,NA,NA,NA,Radio Station
270,270,http://www.107kiss.com/,"Medford, OR",OR,0,0,1,0,0,0,0,Radio Station
271,271,http://www.1290wlby.com/,"Ann Arbor, MI",MI,0,50,121,0,0,21,0,Radio Station
272,272,http://www.1340wjrw.com/,"Grand Rapids, MI",MI,0,0,78,0,0,0,0,Radio Station
273,273,http://www.1410wizm.com/,"La Crosse, WI",WI,16,7,21,7,15,6,6,Radio Station
274,274,http://www.1460espnyakima.com/,"Yakima, WA",WA,4,4,0,4,0,0,0,Radio Station
275,275,http://www.1480kyos.com/,"Merced, CA",CA,0,0,29,0,0,0,0,Radio Station
276,276,http://www.1490therodeo.com/,"Laredo, TX",TX,NA,NA,NA,NA,NA,NA,NA,Radio Station
277,277,http://www.1490wkvt.com/,"Keene, NH",NH,18,1,46,1,15,1,1,Radio Station
278,278,http://www.1490wlfn.com/,"La Crosse, WI",WI,0,1,0,0,0,0,0,Radio Station
279,279,http://www.1650thefan.com/,"Cedar Falls, IA",IA,0,0,1,0,0,0,0,Radio Station
280,280,http://www.50plusmarketplacenews.com/,"Boulder, CO",CO,54,27,45,27,45,23,23,Online Only
281,281,http://www.580wkty.com/,"La Crosse, WI",WI,1,0,1,0,0,0,0,Radio Station
282,282,http://www.660theanswer.com/,"Oviedo, FL",FL,0,0,39,0,0,0,0,Radio Station
283,283,http://www.925thebear.com/,"Merced, CA",CA,NA,NA,NA,NA,NA,NA,NA,Radio Station
284,284,http://www.925thewolf.com/,"Boulder, CO",CO,0,0,19,0,0,0,0,Radio Station
285,285,http://www.92kqrs.com/,"Golden Valley, MN",MN,1,0,3,0,1,0,0,Radio Station
286,286,http://www.949thebull.com/,"Woodstock, GA",GA,5,0,5,0,1,0,0,Radio Station
287,287,http://www.957thegame.com/,"Walnut Creek, CA",CA,0,0,5,0,0,0,0,Radio Station
288,288,http://www.957therock.com/,"La Crosse, WI",WI,2,0,1,0,0,0,0,Radio Station
289,289,http://www.965tricolor.com/,"Boulder, CO",CO,0,0,2,0,0,0,0,Radio Station
290,290,http://www.975kabx.com/,"Merced, CA",CA,0,0,1,0,0,0,0,Radio Station
291,291,http://www.979radio.com/,"West Allis, WI",WI,NA,NA,NA,NA,NA,NA,NA,Radio Station
292,292,http://www.979wvok.com/,"Oxford, AL",AL,0,0,8,0,0,0,0,Radio Station
293,293,http://www.983wlcs.com/,"Grand Rapids, MI",MI,NA,NA,NA,NA,NA,NA,NA,Radio Station
294,294,http://www.98rocks.fm/,"Texarkana, TX",TX,0,0,7,0,0,0,0,Radio Station
295,295,http://www.993kjoy.com/,"Stockton, CA",CA,NA,NA,NA,NA,NA,NA,NA,Radio Station
296,296,http://www.997now.com/,"Walnut Creek, CA",CA,4,0,2,0,0,0,0,Radio Station
297,297,http://www.a2politico.com/,"Ann Arbor, MI",MI,NA,NA,NA,NA,NA,NA,NA,Online Only
298,298,http://www.abcfoxmontana.com/,"Bozeman, MT",MT,12,5,78,4,12,5,4,TV Station
299,299,http://www.air1.com/,"Yakima, WA",WA,1,0,26,0,0,0,0,Radio Station
300,300,http://www.almanacnews.com/,"Menlo Park, CA",CA,8,4,6,4,6,3,3,Newspaper/Magazine
301,301,http://www.altondailynews.com/,"Alton, IL",IL,51,17,37,17,27,11,11,Online Only
302,302,http://www.am1300.com/,"Pasadena, CA",CA,3,0,4,0,3,0,0,Radio Station
303,303,http://www.annarborbusinessmagazine.com/,"Ann Arbor, MI",MI,17,12,14,11,13,8,8,Newspaper/Magazine
304,304,http://www.annarbors107one.com/,"Ann Arbor, MI",MI,2,0,0,0,0,0,0,Radio Station
305,305,http://www.applevalley-review.com/,"Apple Valley, CA",CA,NA,NA,NA,NA,NA,NA,NA,Online Only
306,306,http://www.arklatexhomepage.com/,"Texarkana, TX",TX,38,6,66,6,35,6,6,TV Station
307,307,http://www.arroyomonthly.com/,"Pasadena, CA",CA,9,4,5,4,5,2,2,Newspaper/Magazine
308,308,http://www.avpress.com/,"Palmdale, CA",CA,0,0,2,0,0,0,0,Newspaper/Magazine
309,309,http://www.bclegalnews.com/,"Bay City, MI",MI,NA,NA,NA,NA,NA,NA,NA,Newspaper/Magazine
310,310,http://www.betterlifetv.tv/,"Medford, OR",OR,NA,NA,NA,NA,NA,NA,NA,TV Station
311,311,http://www.bigbuck98.com/,"Laredo, TX",TX,NA,NA,NA,NA,NA,NA,NA,Radio Station
312,312,http://www.boulderfreeradio.org/,"Boulder, CO",CO,NA,NA,NA,NA,NA,NA,NA,Radio Station
313,313,http://www.boulderweekly.com/,"Boulder, CO",CO,NA,NA,NA,NA,NA,NA,NA,Newspaper/Magazine
314,314,http://www.bozeman-magpie.com/,"Bozeman, MT",MT,NA,NA,NA,NA,NA,NA,NA,Online Only
315,315,http://www.bozemandailychronicle.com/,"Bozeman, MT",MT,44,39,93,35,32,31,27,Newspaper/Magazine
316,316,http://www.brightsidenews.com/marpsnews.html,"Marietta, GA",GA,NA,NA,NA,NA,NA,NA,NA,Newspaper/Magazine
317,317,http://www.calvarychapelmerced.org/info.htm,"Merced, CA",CA,NA,NA,NA,NA,NA,NA,NA,Radio Station
318,318,http://www.calvin.edu/chimes/,"Grand Rapids, MI",MI,4,4,2,4,2,2,2,Newspaper/Magazine
319,319,http://www.capradio.org/,"Merced, CA",CA,18,0,48,0,15,0,0,Radio Station
320,320,http://www.caravannews.com/,"Stockton, CA",CA,NA,NA,NA,NA,NA,NA,NA,Online Only
321,321,http://www.cbcofdover.com/,"Dover, DE",DE,NA,NA,NA,NA,NA,NA,NA,Radio Station
322,322,http://www.ccyakimavalley.com/the-bridge-of-hope/,"Yakima, WA",WA,NA,NA,NA,NA,NA,NA,NA,Radio Station
323,323,http://www.celebrationradio.com/,"Merced, CA",CA,NA,NA,NA,NA,NA,NA,NA,Radio Station
324,324,http://www.centredaily.com/,"State College, PA",PA,13,10,7,10,6,4,4,Newspaper/Magazine
325,325,http://www.chicagotribune.com/suburbs/elmwood-park/,"Elmwood Park, IL",IL,12,3,8,3,8,3,3,Newspaper/Magazine
326,326,http://www.cnyhomepage.com/,"Utica, NY",NY,5,1,4,1,4,1,1,TV Station
327,327,http://www.coacb.org/,"Marion, OH",OH,NA,NA,NA,NA,NA,NA,NA,TV Station
328,328,http://www.collegian.psu.edu/,"State College, PA",PA,58,54,19,54,19,19,19,Newspaper/Magazine
329,329,http://www.coloradodaily.com/,"Boulder, CO",CO,NA,NA,NA,NA,NA,NA,NA,Newspaper/Magazine
330,330,http://www.contracostatimes.com/,"Walnut Creek, CA",CA,63,1,53,1,32,1,1,Newspaper/Magazine
331,331,http://www.coppellcitizensadvocate.com/,"Coppell, TX",TX,32,26,23,26,23,17,17,Newspaper/Magazine
332,332,http://www.cottonwoodholladayjournal.com/,"Holladay, UT",UT,NA,NA,NA,NA,NA,NA,NA,Newspaper/Magazine
333,333,http://www.cpclax.com/,"La Crosse, WI",WI,NA,NA,NA,NA,NA,NA,NA,Newspaper/Magazine
334,334,http://www.cpr.org/,"Boulder, CO",CO,2,0,3,0,2,0,0,Radio Station
335,335,http://www.cpr.org/openair,"Boulder, CO",CO,0,0,0,0,0,0,0,Radio Station
336,336,http://www.cpt12.org/,"Boulder, CO",CO,NA,NA,NA,NA,NA,NA,NA,TV Station
337,337,http://www.crosstimbersgazette.com/,"Flower Mound, TX",TX,5,5,2,4,2,2,2,Newspaper/Magazine
338,338,http://www.csnradio.com/,"Yakima, WA",WA,NA,NA,NA,NA,NA,NA,NA,Radio Station
339,339,http://www.ctbulletin.com/,"Milford, CT",CT,22,13,16,13,14,9,9,Newspaper/Magazine
340,340,http://www.ctnannarborblog.org/,"Ann Arbor, MI",MI,NA,NA,NA,NA,NA,NA,NA,TV Station
341,341,http://www.dailycamera.com/,"Boulder, CO",CO,38,35,35,34,31,28,28,Newspaper/Magazine
342,342,http://www.dailyeasternnews.com/,"Charleston, IL",IL,13,11,12,11,12,11,11,Newspaper/Magazine
343,343,http://www.dailytribune.com/,"Royal Oak, MI",MI,15,10,24,8,13,8,7,Newspaper/Magazine
344,344,http://www.damnarbor.com/,"Ann Arbor, MI",MI,NA,NA,NA,NA,NA,NA,NA,Online Only
345,345,http://www.delawarepolitics.net/,"Dover, DE",DE,1,1,1,1,1,1,1,Online Only
346,346,http://www.deltabroadcasting.org/home/,"Bay City, MI",MI,NA,NA,NA,NA,NA,NA,NA,Radio Station
347,347,http://www.detroitwonk.com/,"Royal Oak, MI",MI,NA,NA,NA,NA,NA,NA,NA,Online Only
348,348,http://www.digital949.com/,"Laredo, TX",TX,NA,NA,NA,NA,NA,NA,NA,Radio Station
349,349,http://www.doverpost.com/,"Dover, DE",DE,22,19,29,19,18,16,16,Newspaper/Magazine
350,350,http://www.eastbaytimes.com/east-county-times,"Antioch, CA",CA,32,6,25,6,20,5,5,Newspaper/Magazine
351,351,http://www.eastofseattle.news/issaquah/,"Issaquah, WA",WA,20,6,9,6,9,4,4,Newspaper/Magazine
352,352,http://www.effectradio.com/,"Apple Valley, CA",CA,NA,NA,NA,NA,NA,NA,NA,Radio Station
353,353,http://www.elinformadorusa.com/,"Wyoming, MI",MI,NA,NA,NA,NA,NA,NA,NA,Online Only
354,354,http://www.elsoldeldesiertoav.com/,"Palmdale, CA",CA,NA,NA,NA,NA,NA,NA,NA,Online Only
355,355,http://www.elsolnews.com/,"Stamford, CT",CT,NA,NA,NA,NA,NA,NA,NA,Newspaper/Magazine
356,356,http://www.espn930.com/,"Dover, DE",DE,9,15,1,5,0,0,0,Radio Station
357,357,http://www.espncny.com/,"Utica, NY",NY,0,0,0,0,0,0,0,Radio Station
358,358,http://www.espnupstate.com/,"Spartanburg, SC",SC,0,0,0,0,0,0,0,Radio Station
359,359,http://www.estlmonitor.com/,"East St. Louis, IL",IL,32,24,23,24,23,17,17,Newspaper/Magazine
360,360,http://www.estlmonitor.com,DUPLICATE ENTRY,RY,NA,NA,NA,NA,NA,NA,NA,Newspaper/Magazine
361,361,http://www.faithtalk1360.com/,"Glendale, CA",CA,0,0,8,0,0,0,0,Online Only
362,362,http://www.familyradio.com/,"Stockton, CA",CA,NA,NA,NA,NA,NA,NA,NA,Radio Station
363,363,http://www.familyradio.org/,"La Porte, IN",IN,NA,NA,NA,NA,NA,NA,NA,Radio Station
364,364,http://www.faribaultcountyregister.com/,"Faribault, MN",MN,11,2,52,2,4,2,2,Newspaper/Magazine
365,365,http://www.fkgoldstandard.com/,"Elizabethtown, KY",KY,NA,NA,NA,NA,NA,NA,NA,Newspaper/Magazine
366,366,http://www.fln.org/,"State College, PA",PA,NA,NA,NA,NA,NA,NA,NA,Radio Station
367,367,http://www.foreverstatecollege.com/espn-1450/,"State College, PA",PA,NA,NA,NA,NA,NA,NA,NA,Radio Station
368,368,http://www.foreverstatecollege.com/happy-103/,"State College, PA",PA,0,0,0,0,0,0,0,Radio Station
369,369,http://www.fox26medford.com/,"Medford, OR",OR,NA,NA,NA,NA,NA,NA,NA,TV Station
370,370,http://www.fox46charlotte.com/,"Rock Hill, SC",SC,27,1,26,1,24,1,1,TV Station
371,371,http://www.froggy101fm.com/,"State College, PA",PA,NA,NA,NA,NA,NA,NA,NA,Radio Station
372,372,http://www.glendalestar.com/,"Glendale, AZ",AZ,2,2,2,2,2,2,2,Newspaper/Magazine
373,373,http://www.glendoracommunitynews.com/,"Glendora, CA",CA,1,1,1,1,1,1,1,Newspaper/Magazine
374,374,http://www.goforth.org/WLPR960/,"Prichard, AL",AL,NA,NA,NA,NA,NA,NA,NA,Radio Station
375,375,http://www.goldenstatenewspapers.com/tracy_press/,"Tracy, CA",CA,9,8,8,8,8,7,7,Newspaper/Magazine
376,376,http://www.goupstate.com/,"Spartanburg, SC",SC,42,34,61,32,13,12,11,Newspaper/Magazine
377,377,http://www.grandrapidsmn.com/,"Grand Rapids, MI",MI,22,16,19,16,15,9,9,Newspaper/Magazine
378,378,http://www.grbj.com/,"Grand Rapids, MI",MI,9,8,10,8,9,8,8,Newspaper/Magazine
379,379,http://www.grcmc.org/grtv,"Grand Rapids, MI",MI,NA,NA,NA,NA,NA,NA,NA,TV Station
380,380,http://www.grcmc.org/wyce/,"Wyoming, MI",MI,3,2,1,2,1,1,1,Radio Station
381,381,http://www.grnow.com/,"Grand Rapids, MI",MI,NA,NA,NA,NA,NA,NA,NA,Online Only
382,382,http://www.groove925.com/,"Rock Island, IL",IL,NA,NA,NA,NA,NA,NA,NA,Radio Station
383,383,http://www.grtimes.com/,"Grand Rapids, MI",MI,NA,NA,NA,NA,NA,NA,NA,Newspaper/Magazine
384,384,http://www.hawaiian105.com/,"Kingsville, TX",TX,NA,NA,NA,NA,NA,NA,NA,Radio Station
385,385,http://www.heraldargus.com/,"La Porte, IN",IN,21,13,7,13,6,3,3,Newspaper/Magazine
386,386,http://www.heraldonline.com/,"Rock Hill, SC",SC,19,12,37,12,15,9,9,Newspaper/Magazine
387,387,http://www.hot1061.net/,"Laredo, TX",TX,0,0,0,0,0,0,0,Radio Station
388,388,http://www.hot981.com/,"Spartanburg, SC",SC,0,0,0,0,0,0,0,Radio Station
389,389,http://www.iftheriverswells.com/,"Grand Rapids, MI",MI,NA,NA,NA,NA,NA,NA,NA,Online Only
390,390,http://www.innercirclecorona.com/,"Corona, CA",CA,1,1,1,1,1,1,1,Online Only
391,391,http://www.issaquah360.com/,"Issaquah, WA",WA,9,9,9,9,9,9,9,Online Only
392,392,http://www.issaquahreporter.com/,"Issaquah, WA",WA,3,0,3,0,3,0,0,Newspaper/Magazine
393,393,http://www.journaltribune.com/,"Biddeford, ME",ME,41,17,53,17,33,11,11,Newspaper/Magazine
394,394,http://www.kali900am.com/,"West Covina, CA",CA,NA,NA,NA,NA,NA,NA,NA,Radio Station
395,395,http://www.kbnl.org/,"Laredo, TX",TX,NA,NA,NA,NA,NA,NA,NA,Radio Station
396,396,http://www.kbzk.com/,"Bozeman, MT",MT,14,4,61,4,14,4,4,TV Station
397,397,http://www.kcfiradio.com/,"Cedar Falls, IA",IA,2,0,0,0,0,0,0,Radio Station
398,398,http://www.kcmxam.com/,"Medford, OR",OR,0,0,9,0,0,0,0,Radio Station
399,399,http://www.kdkr.org/,"Hemet, CA",CA,NA,NA,NA,NA,NA,NA,NA,Radio Station
400,400,http://www.kdna.org/,"Yakima, WA",WA,NA,NA,NA,NA,NA,NA,NA,Radio Station
401,401,http://www.kdrv.com/,"Medford, OR",OR,10,7,11,7,7,4,4,TV Station
402,402,http://www.keom.fm/,"Mesquite, TX",TX,NA,NA,NA,NA,NA,NA,NA,Radio Station
403,403,http://www.ket.org/,"Elizabethtown, KY",KY,1,0,1,0,1,0,0,TV Station
404,404,http://www.kffm.com/,"Yakima, WA",WA,7,7,3,7,3,3,3,Radio Station
405,405,http://www.kfsi.org/,"Winona, MN",MN,NA,NA,NA,NA,NA,NA,NA,Radio Station
406,406,http://www.kftx.com/,"Kingsville, TX",TX,4,0,4,0,3,0,0,Radio Station
407,407,http://www.kglt.net/,"Bozeman, MT",MT,NA,NA,NA,NA,NA,NA,NA,Radio Station
408,408,http://www.kgns.tv/,"Laredo, TX",TX,27,27,47,27,27,27,27,TV Station
409,409,http://www.kgnu.org/,"Boulder, CO",CO,NA,NA,NA,NA,NA,NA,NA,Radio Station
410,410,http://www.kicks1063.com/,"La Crosse, WI",WI,NA,NA,NA,NA,NA,NA,NA,Radio Station
411,411,http://www.kingsvillerecord.com/,"Kingsville, TX",TX,30,28,26,28,24,23,23,Newspaper/Magazine
412,412,http://www.kkdv.com/,"Walnut Creek, CA",CA,NA,NA,NA,NA,NA,NA,NA,Radio Station
413,413,http://www.kkiq.com/,"Tracy, CA",CA,NA,NA,NA,NA,NA,NA,NA,Radio Station
414,414,http://www.klove.com/,"Bay City, MI",MI,NA,NA,NA,NA,NA,NA,NA,Radio Station
415,415,http://www.kmdy.org/,"Quincy, IL",IL,NA,NA,NA,NA,NA,NA,NA,Radio Station
416,416,http://www.kmed.com/,"Medford, OR",OR,6,5,5,5,5,4,4,Radio Station
417,417,http://www.kmsgtv.com/,"Visalia, CA",CA,NA,NA,NA,NA,NA,NA,NA,TV Station
418,418,http://www.knxt.tv/,"Visalia, CA",CA,1,0,1,0,1,0,0,TV Station
419,419,http://www.kofkradio.org/,"Bozeman, MT",MT,NA,NA,NA,NA,NA,NA,NA,Radio Station
420,420,http://www.kool105.com/,"Boulder, CO",CO,NA,NA,NA,NA,NA,NA,NA,Radio Station
421,421,http://www.kpvi.com/,"Rexburg, ID",ID,5,0,37,0,3,0,0,TV Station
422,422,http://www.kq98.com/,"La Crosse, WI",WI,2,1,0,1,0,0,0,Radio Station
423,423,http://www.kqal.org/,"Winona, MN",MN,NA,NA,NA,NA,NA,NA,NA,Radio Station
424,424,http://www.kristv.com/category/293859/kdf,"Kingsville, TX",TX,12,2,16,1,11,1,0,TV Station
425,425,http://www.ktaifm.com/,"Kingsville, TX",TX,NA,NA,NA,NA,NA,NA,NA,Radio Station
426,426,http://www.ktev-tv.com/,"Texarkana, AR",AR,NA,NA,NA,NA,NA,NA,NA,TV Station
427,427,http://www.ktoy1047.com/,"Texarkana, AR",AR,10,7,10,7,10,7,7,Radio Station
428,428,http://www.kttc.com/,"La Crosse, WI",WI,12,1,59,0,12,1,0,TV Station
429,429,http://www.kuic.com/,"Vacaville, CA",CA,17,6,25,6,16,5,5,Radio Station
430,430,http://www.kupi99.com/,"Rexburg, ID",ID,NA,NA,NA,NA,NA,NA,NA,Radio Station
431,431,http://www.kvlp.org/,"Visalia, CA",CA,NA,NA,NA,NA,NA,NA,NA,Radio Station
432,432,http://www.kwck999.com/,"Searcy, AR",AR,NA,NA,NA,NA,NA,NA,NA,Radio Station
433,433,http://www.kwdcradio.org/,"Stockton, CA",CA,NA,NA,NA,NA,NA,NA,NA,Radio Station
434,434,http://www.kwrm1370am.com/,"Corona, CA",CA,NA,NA,NA,NA,NA,NA,NA,Radio Station
435,435,http://www.kyak.com/,"Yakima, WA",WA,NA,NA,NA,NA,NA,NA,NA,Radio Station
436,436,http://www.kycc.org/,"Stockton, CA",CA,NA,NA,NA,NA,NA,NA,NA,Radio Station
437,437,http://www.kygo.com/,"Boulder, CO",CO,1,0,0,0,0,0,0,Radio Station
438,438,http://www.laestaciondelpueblo.com/,"St. Cloud, FL",FL,NA,NA,NA,NA,NA,NA,NA,Radio Station
439,439,http://www.lajefa1270.com/,"Rock Island, IL",IL,NA,NA,NA,NA,NA,NA,NA,Radio Station
440,440,http://www.laley1005.com/,"Laredo, TX",TX,NA,NA,NA,NA,NA,NA,NA,Radio Station
441,441,http://www.lamovidaradiorockford.com/,"Loves Park, IL",IL,NA,NA,NA,NA,NA,NA,NA,Radio Station
442,442,http://www.laquebuena961.com/,"Palmdale, CA",CA,NA,NA,NA,NA,NA,NA,NA,Radio Station
443,443,http://www.lavoz1360dallas.com/,"Hurst, TX",TX,NA,NA,NA,NA,NA,NA,NA,Radio Station
444,444,http://www.lawndalenews.com/,"Cicero, IL",IL,NA,NA,NA,NA,NA,NA,NA,Newspaper/Magazine
445,445,http://www.lifeincorona.com/,"Corona, CA",CA,NA,NA,NA,NA,NA,NA,NA,Online Only
446,446,http://www.lifesongs.com/,"Slidell, LA",LA,4,2,5,2,4,2,2,Radio Station
447,447,http://www.lmtonline.com/,"Laredo, TX",TX,23,23,61,23,1,1,1,Newspaper/Magazine
448,448,http://www.lmtonline.com/el_tiempo/,"Laredo, TX",TX,19,13,19,13,19,13,13,Newspaper/Magazine
449,449,http://www.localnews8.com/,"Rexburg, ID",ID,18,3,99,3,18,3,3,TV Station
450,450,http://www.lucernevalleyleader.com/,"Apple Valley, CA",CA,8,2,9,2,7,2,2,Online Only
451,451,http://www.magic989.com/,"Spartanburg, SC",SC,13,0,4,0,3,0,0,Radio Station
452,452,http://www.mailtribune.com/,"Medford, OR",OR,22,13,21,12,17,7,7,Online Only
453,453,http://www.mariononline.com,"Marion, OH",OH,27,12,12,11,12,7,7,Online Only
454,454,http://www.marionstar.com,"Marion, OH",OH,37,28,28,28,13,11,11,Newspaper/Magazine
455,455,http://www.mariontv22.com/,"Marion, OH",OH,NA,NA,NA,NA,NA,NA,NA,TV Station
456,456,http://www.mcntvnews.com/,"Merced, CA",CA,NA,NA,NA,NA,NA,NA,NA,TV Station
457,457,http://www.mdjonline.com/,"Marietta, GA",GA,117,64,150,59,78,39,39,Newspaper/Magazine
458,458,http://www.mdjonline.com/cobb_business_journal/,"Marietta, GA",GA,NA,NA,NA,NA,NA,NA,NA,Newspaper/Magazine
459,459,http://www.mdjonline.com/cobb_football_friday/,"Marietta, GA",GA,17,7,0,7,0,0,0,Newspaper/Magazine
460,460,http://www.mdjonline.com/neighbor_newspapers/,"Marietta, GA",GA,35,0,31,0,29,0,0,Newspaper/Magazine
461,461,http://www.medfordnickel.com/,"Medford, OR",OR,NA,NA,NA,NA,NA,NA,NA,Newspaper/Magazine
462,462,http://www.mercedcountytimes.net/,"Merced, CA",CA,NA,NA,NA,NA,NA,NA,NA,Newspaper/Magazine
463,463,http://www.mercedsunstar.com/,"Merced, CA",CA,9,3,40,3,8,3,3,Newspaper/Magazine
464,464,http://www.milfordctblog.com/,"Milford, CT",CT,NA,NA,NA,NA,NA,NA,NA,Online Only
465,465,http://www.milfordmirror.com/,"Milford, CT",CT,8,5,10,5,6,4,4,Newspaper/Magazine
466,466,http://www.mix100.com/,"Boulder, CO",CO,NA,NA,NA,NA,NA,NA,NA,Radio Station
467,467,http://www.mlive.com/ann-arbor/,"Ann Arbor, MI",MI,173,47,100,47,95,22,22,Newspaper/Magazine
468,468,http://www.mlive.com/bay-city/,"Bay City, MI",MI,148,32,91,32,88,24,24,Newspaper/Magazine
469,469,http://www.mlive.com/businessreview/,"Grand Rapids, MI",MI,22,10,20,10,20,10,10,Newspaper/Magazine
470,470,http://www.mlive.com/grand-rapids/,"Grand Rapids, MI",MI,162,32,101,32,99,24,24,Newspaper/Magazine
471,471,http://www.montanapbs.org/,"Bozeman, MT",MT,NA,NA,NA,NA,NA,NA,NA,TV Station
472,472,http://www.mountaingazette.com/,"Boulder, CO",CO,3,0,0,0,0,0,0,Newspaper/Magazine
473,473,http://www.mpbn.net/,"Biddeford, ME",ME,23,1,26,1,20,1,1,TV Station
474,474,http://www.mundomax.com/,"Medford, OR",OR,2,0,1,0,1,0,0,TV Station
475,475,http://www.my961.com/,"Bay City, MI",MI,NA,NA,NA,NA,NA,NA,NA,Radio Station
476,476,http://www.my975fm.com/,"Visalia, CA",CA,1,0,0,0,0,0,0,Radio Station
477,477,http://www.mybaycity.com,"Bay City, MI",MI,5,2,3,2,3,2,2,Online Only
478,478,http://www.mybobcountry.com/,"Faribault, MN",MN,1,0,7,0,0,0,0,Radio Station
479,479,http://www.mylaredofox.com/,"Laredo, TX",TX,2,0,36,0,0,0,0,TV Station
480,480,http://www.myoceanstyle.com/,"Miramar, FL",FL,NA,NA,NA,NA,NA,NA,NA,Newspaper/Magazine
481,481,http://www.mypromisefm.com/,"Visalia, CA",CA,NA,NA,NA,NA,NA,NA,NA,Radio Station
482,482,http://www.myradiolink.com/,"Charleston, IL",IL,20,2,18,2,18,2,2,Radio Station
483,483,http://www.myreachradio.com/,"Dover, DE",DE,NA,NA,NA,NA,NA,NA,NA,Radio Station
484,484,http://www.nbcmontana.com/,"Bozeman, MT",MT,12,3,74,3,11,3,3,TV Station
485,485,http://www.networkknowledge.tv/,"Quincy, IL",IL,NA,NA,NA,NA,NA,NA,NA,TV Station
486,486,http://www.newberlinnow.com/,"New Berlin, WI",WI,14,7,12,7,4,3,3,Newspaper/Magazine
487,487,http://www.newhot997.com/,"Yakima, WA",WA,2,1,22,1,1,1,1,Radio Station
488,488,http://www.news-herald.com/,"Willoughby, OH",OH,77,12,51,11,34,9,9,Newspaper/Magazine
489,489,http://www.news8000.com/,"La Crosse, WI",WI,26,15,134,14,21,13,12,TV Station
490,490,http://www.newvision.fm/,"Marion, OH",OH,NA,NA,NA,NA,NA,NA,NA,Radio Station
491,491,http://www.nhptv.org/,"Keene, NH",NH,NA,NA,NA,NA,NA,NA,NA,TV Station
492,492,http://www.northerniowan.com/,"Cedar Falls, IA",IA,5,5,2,5,2,2,2,Newspaper/Magazine
493,493,http://www.nowiny24.pl/,"Utica, NY",NY,NA,NA,NA,NA,NA,NA,NA,Newspaper/Magazine
494,494,http://www.ondasdevida.com/,"Palmdale, CA",CA,NA,NA,NA,NA,NA,NA,NA,Radio Station
495,495,http://www.outboulder.org/blog,"Boulder, CO",CO,NA,NA,NA,NA,NA,NA,NA,Online Only
496,496,http://www.owassoisms.com/,"Owasso, OK",OK,10,10,9,10,9,9,9,Online Only
497,497,http://www.oxfordeagle.com/,"Oxford, AL",AL,54,32,36,32,31,20,20,Newspaper/Magazine
498,498,http://www.parmaobserver.com/,"Parma Heights, OH",OH,24,18,20,18,20,17,17,Online Only
499,499,http://www.pasadenanow.com/main/,"Pasadena, CA",CA,18,12,13,12,13,11,11,Newspaper/Magazine
500,500,http://www.pasadenastarnews.com/,"Pasadena, CA",CA,24,13,104,2,13,11,1,Newspaper/Magazine
501,501,http://www.pasadenastarnews.com/rose-parade,"Pasadena, CA",CA,NA,NA,NA,NA,NA,NA,NA,Newspaper/Magazine
502,502,http://www.pasadenaweekly.com/cms/index/,"Pasadena, CA",CA,NA,NA,NA,NA,NA,NA,NA,Newspaper/Magazine
503,503,http://www.pcccourier.com/,"Pasadena, CA",CA,NA,NA,NA,NA,NA,NA,NA,Newspaper/Magazine
504,504,http://www.plr.org/,"Yakima, WA",WA,NA,NA,NA,NA,NA,NA,NA,Radio Station
505,505,http://www.pridesource.com/,"Ann Arbor, MI",MI,2,0,2,0,2,0,0,Online Only
506,506,http://www.publicrealityradio.org/,"Grand Rapids, MI",MI,NA,NA,NA,NA,NA,NA,NA,Radio Station
507,507,http://www.q104wqcy.com/,"Quincy, IL",IL,0,0,1,0,0,0,0,Radio Station
508,508,http://www.q97.com/,"Visalia, CA",CA,0,0,0,0,0,0,0,Radio Station
509,509,http://www.quicksie983.com/,"Elizabethtown, KY",KY,NA,NA,NA,NA,NA,NA,NA,Radio Station
510,510,http://www.radio1190.org/,"Boulder, CO",CO,NA,NA,NA,NA,NA,NA,NA,Radio Station
511,511,http://www.radio74.net/,"Bozeman, MT",MT,NA,NA,NA,NA,NA,NA,NA,Radio Station
512,512,http://www.radioalfayomega941fm.com/,"Merced, CA",CA,NA,NA,NA,NA,NA,NA,NA,Radio Station
513,513,http://www.radioamistad.net/ra/,"Texarkana, TX",TX,NA,NA,NA,NA,NA,NA,NA,Radio Station
514,514,http://www.radioimpacto.org/,"Corona, CA",CA,NA,NA,NA,NA,NA,NA,NA,Radio Station
515,515,http://www.radiolibertad.net/,"Kingsville, TX",TX,NA,NA,NA,NA,NA,NA,NA,Radio Station
516,516,http://www.radiopoder1300.com/,"Laredo, TX",TX,NA,NA,NA,NA,NA,NA,NA,Radio Station
517,517,http://www.radiovisioncdr.com/,"Grand Rapids, MI",MI,NA,NA,NA,NA,NA,NA,NA,Radio Station
518,518,http://www.recordnet.com/,"Stockton, CA",CA,9,8,11,8,7,7,7,Newspaper/Magazine
519,519,http://www.revfm.net/,"State College, PA",PA,NA,NA,NA,NA,NA,NA,NA,Radio Station
520,520,http://www.rexburgstandardjournal.com/,"Rexburg, ID",ID,13,8,11,8,10,5,5,Newspaper/Magazine
521,521,http://www.riverbender.com/,"Alton, IL",IL,35,10,29,10,11,4,4,Online Only
522,522,http://www.rmpbs.org/home/,"Boulder, CO",CO,NA,NA,NA,NA,NA,NA,NA,TV Station
523,523,http://www.rock927.com/,"Kingsville, TX",TX,NA,NA,NA,NA,NA,NA,NA,Radio Station
524,524,http://www.rossmoornews.com/,"Walnut Creek, CA",CA,NA,NA,NA,NA,NA,NA,NA,Newspaper/Magazine
525,525,http://www.salemnews.com/,"Beverly, MA",MA,23,6,27,6,7,2,2,Newspaper/Magazine
526,526,http://www.scetv.org/,"Spartanburg, SC",SC,17,0,11,0,8,0,0,TV Station
527,527,http://www.scinthenews.com/,"St. Cloud, FL",FL,3,2,3,2,3,2,2,Online Only
528,528,http://www.scpr.org/,"Pasadena, CA",CA,15,1,38,1,12,1,1,Radio Station
529,529,http://www.seabreeze.fm/,"Miramar, FL",FL,0,0,0,0,0,0,0,Radio Station
530,530,http://www.searcyliving.net/,"Searcy, AR",AR,NA,NA,NA,NA,NA,NA,NA,Newspaper/Magazine
531,531,http://www.seminolevoice.com/,"Oviedo, FL",FL,NA,NA,NA,NA,NA,NA,NA,Online Only
532,532,http://www.sentinelsource.com/,"Keene, NH",NH,67,23,54,23,45,14,14,Newspaper/Magazine
533,533,http://www.sgvexaminer.com/home.htm,"Glendora, CA",CA,NA,NA,NA,NA,NA,NA,NA,Newspaper/Magazine
534,534,http://www.sgvtribune.com/,"Glendora,CA",CA,14,0,45,0,7,0,0,Newspaper/Magazine
535,535,http://www.shoppernews.com/,"Keene, NH",NH,NA,NA,NA,NA,NA,NA,NA,Newspaper/Magazine
536,536,http://www.sosradio.net/,"Palmdale, CA",CA,6,0,1,0,1,0,0,Radio Station
537,537,http://www.soundoftruthradio.org/,"Spartanburg, SC",SC,NA,NA,NA,NA,NA,NA,NA,Radio Station
538,538,http://www.southernminn.com/faribault_daily_news/,"Faribault, MN",MN,43,24,26,24,25,16,16,Newspaper/Magazine
539,539,http://www.southtexannews.com/,"Kingsville, TX",TX,NA,NA,NA,NA,NA,NA,NA,Newspaper/Magazine
540,540,http://www.spartanweeklyonline.com/,"Spartanburg, SC",SC,NA,NA,NA,NA,NA,NA,NA,Newspaper/Magazine
541,541,http://www.stamfordadvocate.com/,"Stamford, CT",CT,89,46,312,43,67,41,39,Newspaper/Magazine
542,542,http://www.stamfordplus.com/,"Stamford, CT",CT,3,5,17,1,1,4,0,Newspaper/Magazine
543,543,http://www.statecollege.com/,"State College, PA",PA,29,13,20,12,18,11,10,Online Only
544,544,http://www.statecollegemagazine.com/,"State College, PA",PA,NA,NA,NA,NA,NA,NA,NA,Newspaper/Magazine
545,545,http://www.strongtowerradio.org/,"Grand Rapids, MI",MI,NA,NA,NA,NA,NA,NA,NA,Radio Station
546,546,http://www.swcbulletin.com/,"Cottage Grove, MN",MN,19,13,15,13,13,9,9,Newspaper/Magazine
547,547,http://www.swnewsmedia.com/lakeshore_weekly/,"Minnetonka, MN",MN,20,9,17,8,14,5,4,Newspaper/Magazine
548,548,http://www.talk960.com/,"Apple Valley, CA",CA,0,0,119,0,0,0,0,Radio Station
549,549,http://www.tbn.org/,"Bozeman, MT",MT,NA,NA,NA,NA,NA,NA,NA,TV Station
550,550,http://www.tct.tv/,"Ann Arbor, MI",MI,NA,NA,NA,NA,NA,NA,NA,Newspaper/Magazine
551,551,http://www.telemundo51fresno.com/,"Merced, CA",CA,0,0,50,0,0,0,0,TV Station
552,552,http://www.telemundo52.com/,"Corona, CA",CA,12,0,52,0,8,0,0,TV Station
553,553,http://www.texarkanagazette.com/,"Texarkana, TX",TX,29,24,30,24,24,20,20,Newspaper/Magazine
554,554,http://www.texarkanaradio.com/,"Texarkana, TX",TX,NA,NA,NA,NA,NA,NA,NA,Radio Station
555,555,http://www.thebridgenewspaper.com/,"Laredo, TX",TX,NA,NA,NA,NA,NA,NA,NA,Newspaper/Magazine
556,556,http://www.thecw46.com/,"Bay City, MI",MI,2,0,9,0,1,0,0,TV Station
557,557,http://www.thedailycitizen.com/,"Searcy, AR",AR,54,23,72,22,26,14,14,Newspaper/Magazine
558,558,http://www.thedove.us/,"Medford, OR",OR,NA,NA,NA,NA,NA,NA,NA,Radio Station
559,559,http://www.thefanyakima.com/,"Yakima, WA",WA,0,0,5,0,0,0,0,Radio Station
560,560,http://www.thegallatincountynews.com/pages/index.php,"Bozeman, MT",MT,NA,NA,NA,NA,NA,NA,NA,Newspaper/Magazine
561,561,http://www.thegleaner.com/,"Henderson, KY",KY,26,20,25,20,18,13,13,Newspaper/Magazine
562,562,http://www.thehawkyakima.com/,"Yakima, WA",WA,0,0,118,0,0,0,0,Radio Station
563,563,http://www.thelifefm.com/,"Plainfield, IN",IN,NA,NA,NA,NA,NA,NA,NA,Radio Station
564,564,http://www.thelion.fm/,"State College, PA",PA,NA,NA,NA,NA,NA,NA,NA,Radio Station
565,565,http://www.theneighborhoodnews.com/,"Garfield Heights, OH",OH,14,6,9,6,9,3,3,Newspaper/Magazine
566,566,http://www.thenewsenterprise.com/,"Elizabethtown, KY",KY,51,25,35,25,22,12,12,Newspaper/Magazine
567,567,http://www.thenewsherald.com/,"Ann Arbor, MI",MI,156,3,119,3,115,2,2,Newspaper/Magazine
568,568,http://www.thepress.net/,"Antioch, CA",CA,8,3,7,3,7,3,3,Newspaper/Magazine
569,569,http://www.theqrocks.com/,"Keene, NH",NH,12,0,0,0,0,0,0,Radio Station
570,570,http://www.therapidian.org/,"Grand Rapids, MI",MI,3,2,2,2,2,2,2,Online Only
571,571,http://www.thereporter.com/,"Vacaville, CA",CA,43,16,41,16,36,14,14,Newspaper/Magazine
572,572,http://www.therooster.com/,"Boulder, CO",CO,6,0,3,0,3,0,0,Online Only
573,573,http://www.thesentinelweekly.com/,"Corona, CA",CA,NA,NA,NA,NA,NA,NA,NA,Newspaper/Magazine
574,574,http://www.theticket.com/,"Flower Mound, TX",TX,0,0,4,0,0,0,0,Radio Station
575,575,http://www.theupstateshopper.com/,"Spartanburg, SC",SC,1,0,2,0,0,0,0,Newspaper/Magazine
576,576,http://www.thevalleychronicle.com/,"Hemet, CA",CA,0,0,26,0,0,0,0,Newspaper/Magazine
577,577,http://www.tidbitsweekly.com/publisher/tidbits_marietta/index.php?p=1_3_Read-Tidbits-Online,"Marietta, GA",GA,NA,NA,NA,NA,NA,NA,NA,Newspaper/Magazine
578,578,http://www.tribuneledgernews.com/local_news/,"Woodstock, GA",GA,17,8,17,8,16,7,7,Newspaper/Magazine
579,579,http://www.tricolor1009.com/,"Tracy, CA",CA,0,0,3,0,0,0,0,Radio Station
580,580,http://www.tricolor1035.com/,"Glendale, AZ",AZ,0,0,6,0,0,0,0,Radio Station
581,581,http://www.tripsmarter.com/,"Miramar, FL",FL,NA,NA,NA,NA,NA,NA,NA,TV Station
582,582,http://www.w4country.com/,"Ann Arbor, MI",MI,0,0,1,0,0,0,0,Radio Station
583,583,http://www.waamradio.com/,"Ann Arbor, MI",MI,0,0,78,0,0,0,0,Radio Station
584,584,http://www.waky1035.com/,"Elizabethtown, KY",KY,NA,NA,NA,NA,NA,NA,NA,Radio Station
585,585,http://www.wbbl.com/,"Grand Rapids, MI",MI,0,0,14,0,0,0,0,Radio Station
586,586,http://www.wbgzradio.com/,"Alton, IL",IL,NA,NA,NA,NA,NA,NA,NA,Radio Station
587,587,http://www.wbkv.com/,"West Bend, WI",WI,0,0,49,0,0,0,0,Radio Station
588,588,http://www.wcbn.org/,"Ann Arbor, MI",MI,2,2,0,2,0,0,0,Radio Station
589,589,http://www.wcev1450.com/,"Cicero, IL",IL,NA,NA,NA,NA,NA,NA,NA,Radio Station
590,590,http://www.wchwonline.freewebspace.com/,"Bay City, MI",MI,NA,NA,NA,NA,NA,NA,NA,Radio Station
591,591,http://www.wcny.org/,"Utica, NY",NY,NA,NA,NA,NA,NA,NA,NA,TV Station
592,592,http://www.wcoy.com/,"Quincy, IL",IL,NA,NA,NA,NA,NA,NA,NA,Radio Station
593,593,http://www.wcsg.org/,"Grand Rapids, MI",MI,NA,NA,NA,NA,NA,NA,NA,Radio Station
594,594,http://www.weiu.net/,"Charleston, IL",IL,NA,NA,NA,NA,NA,NA,NA,2 and 3
595,595,http://www.westallisnow.com/,"West Allis, WI",WI,24,8,13,7,4,4,3,Newspaper/Magazine
596,596,http://www.wexl1340.com/,"Royal Oak, MI",MI,NA,NA,NA,NA,NA,NA,NA,Radio Station
597,597,http://www.wfuramfm.com/,"Grand Rapids, MI",MI,NA,NA,NA,NA,NA,NA,NA,Radio Station
598,598,http://www.wfzxthefox.com/,"Oxford, AL",AL,NA,NA,NA,NA,NA,NA,NA,Radio Station
599,599,http://www.wgca.org/,"Quincy, IL",IL,NA,NA,NA,NA,NA,NA,NA,Radio Station
600,600,http://www.wgem.com/,"Quincy, IL",IL,19,8,54,8,18,7,7,Radio Station
601,601,http://www.wgvu.org/home/,"Grand Rapids, MI",MI,0,1,1,0,0,1,0,TV Station
602,602,http://www.whig.com/,"Quincy, IL",IL,62,32,152,32,28,13,13,Newspaper/Magazine
603,603,http://www.whvl.com/,"State College, PA",PA,NA,NA,NA,NA,NA,NA,NA,TV Station
604,604,http://www.wilkinsradio.com/,"Prichard, AL",AL,NA,NA,NA,NA,NA,NA,NA,Radio Station
605,605,http://www.winonadailynews.com/,"Winona, MN",MN,30,26,82,25,18,18,17,Newspaper/Magazine
606,606,http://www.winonapost.com/,"Winona, MN",MN,10,10,9,10,9,9,9,Newspaper/Magazine
607,607,http://www.winonaradio.com/,"Winona, MN",MN,NA,NA,NA,NA,NA,NA,NA,Radio Station
608,608,http://www.wiog.com/,"Bay City, MI",MI,NA,NA,NA,NA,NA,NA,NA,Radio Station
609,609,http://www.wiproud.com/,"La Crosse, WI",WI,16,2,11,2,11,2,2,TV Station
610,610,http://www.wjnt.com/,"Pearl, MS",MS,0,0,26,0,0,0,0,Radio Station
611,611,http://www.wkhx.com/,"Marietta, GA",GA,2,0,2,0,0,0,0,Radio Station
612,612,http://www.wknh.org/,"Keene, NH",NH,NA,NA,NA,NA,NA,NA,NA,Radio Station
613,613,http://www.wktv.com/,"Utica, NY",NY,15,4,34,3,11,3,2,TV Station
614,614,http://www.wlav.com/,"Grand Rapids, MI",MI,0,0,5,0,0,0,0,Radio Station
615,615,http://www.wlxr.com/,"La Crosse, WI",WI,NA,NA,NA,NA,NA,NA,NA,Radio Station
616,616,http://www.wmdetv.com/,"Dover, DE",DE,NA,NA,NA,NA,NA,NA,NA,TV Station
617,617,http://www.wmdt.com/,"Dover, DE",DE,38,4,161,4,34,3,3,TV Station
618,618,http://www.wnem.com/,"Bay City, MI",MI,48,6,127,6,40,6,6,TV Station
619,619,http://www.wolf943.com/,"Elizabethtown, KY",KY,NA,NA,NA,NA,NA,NA,NA,Radio Station
620,620,http://www.woli-am.com,"Spartanburg, SC",SC,NA,NA,NA,NA,NA,NA,NA,Radio Station
621,621,http://www.woli-fm.com,"Spartanburg, SC",SC,NA,NA,NA,NA,NA,NA,NA,Radio Station
622,622,http://www.woodburybulletin.com/,"Woodbury, MN",MN,16,12,13,12,9,5,5,Newspaper/Magazine
623,623,http://www.wpat930am.com/,"Paterson, NJ",NJ,NA,NA,NA,NA,NA,NA,NA,Radio Station
624,624,http://www.wpr.org/whla-fm-903-la-crosse,"La Crosse, WI",WI,NA,NA,NA,NA,NA,NA,NA,Radio Station
625,625,http://www.wpr.org/wlsu-fm-889-la-crosse,"La Crosse, WI",WI,NA,NA,NA,NA,NA,NA,NA,Radio Station
626,626,http://www.wqjcfm.com,"Quincy, IL",IL,NA,NA,NA,NA,NA,NA,NA,Radio Station
627,627,http://www.wqqx1490am.com/,"East St. Louis, IL",IL,NA,NA,NA,NA,NA,NA,NA,Radio Station
628,628,http://www.wrhi.com/,"Rock Hill, SC",SC,16,3,5,3,5,2,2,Radio Station
629,629,http://www.wrscfm.com/,"State College, PA",PA,NA,NA,NA,NA,NA,NA,NA,Radio Station
630,630,http://www.wrvo.com/,"Utica, NY",NY,23,2,40,2,21,2,2,Radio Station
631,631,http://www.wtad.com/,"Quincy, IL",IL,19,10,33,10,18,10,10,Radio Station
632,632,http://www.wtbj.org/,"Oxford, AL",AL,NA,NA,NA,NA,NA,NA,NA,Radio Station
633,633,http://www.wtjr.org/,"Quincy, IL",IL,NA,NA,NA,NA,NA,NA,NA,TV Station
634,634,http://www.wtka.com/,"Ann Arbor, MI",MI,0,0,13,0,0,0,0,Radio Station
635,635,http://www.wupltv.com/,"Slidell, LA",LA,NA,NA,NA,NA,NA,NA,NA,TV Station
636,636,http://www.wuspfm.com/,"Utica, NY",NY,NA,NA,NA,NA,NA,NA,NA,Radio Station
637,637,http://www.wutqfm.com/,"Utica, NY",NY,6,1,9,1,5,1,1,Radio Station
638,638,http://www.wwib.com/,"La Crosse, WI",WI,NA,NA,NA,NA,NA,NA,NA,Radio Station
639,639,http://www.wxow.com/,"La Crosse, WI",WI,11,3,15,3,7,2,2,TV Station
640,640,http://www.wygr.net/,"Wyoming, MI",MI,NA,NA,NA,NA,NA,NA,NA,Radio Station
641,641,http://www.wzzm13.com/,"Grand Rapids, MI",MI,115,38,95,38,88,32,32,TV Station
642,642,http://www.y102fm.com/,"Apple Valley, CA",CA,1,1,41,1,1,1,1,Radio Station
643,643,http://www.yakimaherald.com/,"Yakima, WA",WA,103,67,176,65,76,53,51,Newspaper/Magazine
644,644,http://www.yakimamagazine.com/,"Yakima, WA",WA,NA,NA,NA,NA,NA,NA,NA,Newspaper/Magazine
645,645,http://www.ynop.org/,"Bozeman, MT",MT,NA,NA,NA,NA,NA,NA,NA,Radio Station
646,646,http://www.yourwestvalley.com/your_town/glendale/,"Glendale, AZ",AZ,1,3,4,1,1,3,1,Newspaper/Magazine
647,647,http://www.yourwestvalley.com/your_town/surprise/,"Surprise, AZ",AZ,0,5,16,0,0,5,0,Newspaper/Magazine
648,648,http://www.z93laredo.com/,"Laredo, TX",TX,NA,NA,NA,NA,NA,NA,NA,Radio Station
649,649,http://www2.isu.edu/kisufm/,"Rexburg, ID",ID,NA,NA,NA,NA,NA,NA,NA,Radio Station
650,650,http://wygr.net/,"Grand Rapids, MI",MI,NA,NA,NA,NA,NA,NA,NA,Radio Station
651,651,http://wyoming.wzzm13.com/,"Wyoming, MI",MI,1,0,1,0,1,0,0,Online Only
652,652,http://wytx.fm/,"Rock Hill, SC",SC,NA,NA,NA,NA,NA,NA,NA,Radio Station
653,653,http://wzmofm.com/,"Marion, OH",OH,NA,NA,NA,NA,NA,NA,NA,Radio Station
654,654,http://yourhub.denverpost.com/blog/category/adams-county/thornton/,"Thornton, CO",CO,NA,NA,NA,NA,NA,NA,NA,Online Only
655,655,http://ypradio.org/,"Bozeman, MT",MT,2,0,22,0,2,0,0,Radio Station
656,656,https://avemariaradio.net/wdeo-990-am/,"Ann Arbor, MI",MI,NA,NA,NA,NA,NA,NA,NA,Radio Station
657,657,https://bilingualweekly.wordpress.com/,"Stockton, CA",CA,NA,NA,NA,NA,NA,NA,NA,Newspaper/Magazine
658,658,https://cobblifemagazine.wordpress.com,"Marietta, GA",GA,NA,NA,NA,NA,NA,NA,NA,Newspaper/Magazine
659,659,https://coppell.bubblelife.com/,"Coppell, TX",TX,0,0,4,0,0,0,0,Online Only
660,660,https://criblog.wordpress.com/,"Dover, DE",DE,NA,NA,NA,NA,NA,NA,NA,Online Only
661,661,https://www.facebook.com/HendersonWatch,"Henderson, KY",KY,NA,NA,NA,NA,NA,NA,NA,Online Only
662,662,https://www.facebook.com/MesquiteScanner/,"Mesquite, TX",TX,NA,NA,NA,NA,NA,NA,NA,Online Only
663,663,https://www.facebook.com/pages/Wloi-AM-1540/117533534975327,"La Porte, IN",IN,NA,NA,NA,NA,NA,NA,NA,Radio Station
